region,gdp_mean,le_mean,gdp_sd,le_sd,n
East,18540.328,58.243298,12777.289,3.7112379,20
North,13941.257,57.299347,6845.1567,2.7502456,20
South,15757.557,57.391777,8297.8232,3.1200287,20
West,21923.535,59.690094,12889.485,4.3177586,20
